words,frequency
-,82
high,75
elastic,75
radial,63
different,62
alkali,59
fracture,58
mechanical,53
other,53
residual,50
low,47
thermal,41
structural,41
ultrasonic,41
non,40
such,39
hardness,36
atomic,35
large,34
bridging,33
higher,31
Na2O,30
small,29
constant,29
molar,28
due,25
present,24
solid,23
mixed,23
optical,23
larger,22
more,21
previous,20
experimental,20
borosilicate,20
maximum,19
lateral,19
smaller,18
plastic,18
standard,18
average,17
relative,17
BØ4]−,16
same,16
free,16
permanent,16
good,16
significant,15
binary,15
similar,15
lower,15
compositional,14
first,14
less,14
several,14
measured,14
longitudinal,13
further,13
silicate,12
critical,12
refractive,12
important,12
eutectic,12
sharp,12
various,12
coefficient,12
rich,12
bulk,11
microhardness,11
phosphate,11
aluminate,11
alkaline,11
single,11
vitreous,11
physical,11
liquid,11
ionic,11
divalent,11
pure,10
theoretical,10
normal,10
anomalous,10
modifier,10
particular,9
chemical,9
irreversible,9
median,9
indenter,9
Experimental,8
total,8
minor,8
tensile,8
former,8
distinct,8
additional,8
visible,8
minimum,8
K2O,7
second,7
cross,7
possible,7
diagonal,7
bioactive,7
available,7
latter,7
only,7
half,7
indent,7
dispersive,7
tetrahedral,7
shear,7
raw,7
linear,7
wet,6
actual,6
initial,6
overall,6
metallic,6
fold,6
strong,6
parallel,6
interesting,6
equal,6
new,6
Si,6
spherical,6
membered,6
dependent,6
effective,6
fitting,6
rigid,6
angular,6
local,6
acoustic,6
simple,6
slight,6
noticeable,6
certain,6
sub,6
fine,6
compressive,6
SiØ4,6
ternary,6
recent,6
primary,6
continuous,6
complex,6
amorphous,6
limited,5
little,5
partial,5
largest,5
transverse,5
exothermic,5
poor,5
close,5
negligible,5
typical,5
internal,5
better,5
crucible,5
consistent,5
semi,5
long,5
molecular,5
independent,5
progressive,5
Thermal,5
microstructure,5
reagent,5
open,5
technical,5
ambient,5
few,5
differential,5
Er2O3,5
opposite,5
fit,5
weak,5
responsible,5
notable,5
inverse,4
Previous,4
Elastic,4
conservative,4
conical,4
negative,4
current,4
key,4
excellent,4
final,4
broad,4
above,4
electronic,4
micro,4
surface,4
unexpected,4
stronger,4
empirical,4
highest,4
least,4
subsequent,4
relevant,4
difficult,4
endothermic,4
unstable,4
atmospheric,4
melt,4
dental,4
positive,4
systematic,4
ceramic,4
additive,4
necessary,4
Palmqvist,4
wide,4
short-,4
clear,4
respective,4
digital,4
Residual,4
Several,4
specific,4
shorter,4
gradual,4
nominal,4
Mechanical,4
light,4
Additional,3
coordinated,3
Young,3
great,3
undoped,3
indented,3
square,3
favorable,3
traditional,3
boroxol,3
most,3
general,3
Complementary,3
sound,3
quantitative,3
mean,3
composite,3
valid,3
appropriate,3
Raman,3
considerable,3
human,3
medium,3
much,3
intrinsic,3
trigonal,3
π,3
component,3
capable,3
stable,3
axial,3
sufficient,3
obvious,3
biomedical,3
marked,3
viscous,3
precise,3
conventional,3
susceptible,3
attributable,3
aluminophosphate,3
heavier,3
dense,3
earlier,3
equivalent,3
fictive,3
brittle,3
thin,3
orthopedic,3
circular,3
Hardness,3
mol%,3
like,3
unusual,3
mid,3
evident,3
mass,3
major,3
prepared,3
magnetic,3
piezoelectric,3
Mixed,3
dominant,3
pronounced,3
sided,3
Ultrasonic,3
left,3
black,3
multi,3
isochoric,3
useful,3
stepwise,3
range,3
topological,3
past,3
weaker,3
aluminosilicate,3
reversible,3
post,3
3D,3
calculated,3
macroscopic,3
main,3
neutral,3
identical,2
Kα,2
many,2
electric,2
mole,2
preheated,2
detailed,2
unknown,2
Radial,2
smallest,2
connected,2
perpendicular,2
determined,2
infinite,2
scientific,2
octahedral,2
outer,2
doped,2
excessive,2
full,2
easy,2
excess,2
muffle,2
Similar,2
proportional,2
principle,2
green,2
implant,2
greater,2
calorimetric,2
geometrical,2
magic,2
soft,2
reasonable,2
suitable,2
simplistic,2
Physical,2
known,2
dilatometric,2
varied,2
crystallized,2
accurate,2
contradictory,2
recovered,2
minimal,2
sized,2
entire,2
external,2
orthoboric,2
polished,2
nuclear,2
β,2
acceptable,2
rr(r,2
double,2
feasible,2
Bulk,2
microscopic,2
polar,2
transversal,2
applied,2
Tg,2
MHT-10,2
ordinary,2
likely,2
apatite,2
technological,2
complicated,2
common,2
material,2
lighter,2
drastic,2
High,2
direct,2
Molar,2
ultralow,2
exothermal,2
surprising,2
Fracture,2
nonlinear,2
individual,2
fractional,2
cordierite,2
compact,2
exact,2
secondary,2
upscan,2
prominent,2
characteristic,2
sensitive,2
absolute,2
unchanged,2
hydrostatic,2
substantial,2
tougher,2
simultaneous,2
maximal,2
active,2
approximate,2
modulus,2
ideal,2
basic,2
linked,2
sudden,2
peculiar,2
unclear,2
phenomenological,2
simplified,2
facilitated,2
static,2
studied,2
prior,2
scan,2
worthy,1
dent,1
novel,1
±2,1
gaseous,1
catastrophic,1
indispensable,1
inter,1
designate,1
Subsequent,1
medical,1
m,1
quadrupolar,1
tighter,1
biocompatible,1
P45C30Na25,1
inner,1
micromechanical,1
extra,1
whole,1
tough,1
tedious,1
dissimilar,1
rectangular,1
Non,1
side,1
aforementioned,1
complementary,1
ZrO2,1
pulse,1
consecutive,1
stoichiometric,1
reticulate,1
rearrangement,1
intriguing,1
quaternary,1
displacement,1
greatest,1
porous,1
resistant,1
absorbable,1
third,1
retarded,1
sole,1
Primary,1
integral,1
elevated,1
peralkaline,1
borate,1
depolymerized,1
biggest,1
right,1
applicable,1
∼10,1
Relative,1
fluoride,1
fewer,1
aluminum,1
efficient,1
dedicated,1
uniform,1
associated,1
slow,1
dotted,1
multiple,1
personal,1
Fragile,1
Partial,1
crucial,1
retrograde,1
complete,1
acoustical,1
super,1
pileup,1
photolithographic,1
vibrational,1
unavoidable,1
adjacent,1
infrared,1
narrow,1
Low,1
detectable,1
2)∕[1+(x,1
surgical,1
volatile,1
Na+,1
spectral,1
solar,1
planar,1
convenient,1
g,1
network,1
comprehensive,1
insoluble,1
Further,1
able,1
untreated,1
colorless,1
near-,1
Portable,1
pre,1
fourfold,1
toxic,1
superior,1
Apparent,1
medial,1
linearly,1
predominant,1
prevalent,1
homogenized,1
981mN,1
blue,1
manual,1
pulverized,1
rare,1
agate,1
connective,1
protective,1
clearer,1
oxide,1
recycled,1
lamellar,1
easier,1
Newtonian,1
comparable,1
PCI,1
original,1
preferential,1
universal,1
E=4ρc,1
subject,1
0.98N.,1
Different,1
harder,1
constituent,1
spectroscopic,1
situ,1
Such,1
modest,1
Current,1
frozen,1
finer,1
sharper,1
symmetrical,1
dark,1
abnormal,1
biodegradable,1
severe,1
Critical,1
300μm,1
rapid,1
dual,1
real,1
hydrochloric,1
apparent,1
rutile,1
up,1
worse,1
predominate,1
interfacial,1
stiffness,1
dwelling,1
co,1
enhanced,1
beneficial,1
hostile,1
defect,1
lowest,1
694HVflexural,1
questionable,1
resilient,1
representative,1
extensive,1
best,1
special,1
straight,1
More,1
tightening,1
temporary,1
thermodynamic,1
indentation,1
richer,1
subscript,1
unifying,1
incipient,1
SMALL,1
slower,1
architectural,1
combined,1
MPa,1
≡,1
proper,1
preferentially,1
macro,1
brownish,1
Micromechanical,1
fivefold,1
Standard,1
kV,1
underline,1
Ar+,1
subtle,1
short,1
homogeneous,1
nBO,1
crystallite,1
brown,1
vertical,1
mechanistic,1
contrary,1
axisymmetric,1
correct,1
reduced,1
−3,1
densified,1
dynamic,1
B4/(B3+B4,1
electrical,1
packed,1
Contrary,1
hypothetic,1
environmental,1
preferred,1
steep,1
isotropic,1
attractive,1
hemispherical,1
characterized,1
Flexural,1
near,1
potential,1
striking,1
loose,1
1μs,1
bioresorbable,1
peak,1
economic,1
strongest,1
BØ4]−-rich,1
brittleness,1
radioactive,1
Anomalous,1
classical,1
Lower,1
Compressed,1
Atomic,1
localized,1
fundamental,1
hashed,1
degradable,1
inelastic,1
Post,1
undeformed,1
last,1
Reversible,1
transparent,1
unaffected,1
Many,1
future,1
advantageous,1
indirect,1
homogenous,1
classic,1
numerous,1
Microhardness,1
lightweight,1
optimum,1
logarithmic,1
variable,1
Prepared,1
singular,1
corresponding,1
Differential,1
longer,1
practical,1
unlikely,1
reliable,1
thermogravimetric,1
annealing,1
tangential,1
Optical,1
machinable,1
crystalline,1
upper,1
elasto,1
frequency,1
aminomethane,1
clinical,1
thinnest,1
60μm,1
isobaric,1
intermediate,1
Last,1
reactive,1
Lorenz,1
chlorophosphate,1
Typical,1
Gaussian,1
early,1
kinetic,1
coherent,1
observed,1
pragmatic,1
continuum,1
mathematical,1
flexural,1
sphere,1
